noise-0f1f7b3c-2499-4de0-9b16-94a427db6a38.wav,sniff
noise-10d5bb48-07e2-4f81-ae84-e71cfdca03a5.wav,random words
noise-116c2c61-d7a8-4715-b1e0-3dc2931d47f4.wav,random words
noise-1369343f-6c29-4fe5-9e94-970a61adba1d.wav,random words
noise-1616dd19-abb6-47e5-8c56-9d2f480f815f.wav,random words
noise-16c95311-37d6-49b8-9f27-69405b21a7e5.wav,cough
noise-17ba97bf-21ca-4e1f-b015-5471122a60ce.wav,random words
noise-1b908e7a-f57a-42c5-b8d0-593f3e66acd2.wav,random words
noise-1d5c4ef1-8f80-4f9e-ada4-513fc46862a7.wav,random words
noise-242c565c-36b8-486c-9ebb-726ee720f5ea.wav,cough
noise-2b52bc88-50f9-4961-af79-11a53ef91bc2.wav,sniff
noise-2c63a353-2034-45ce-9e2e-10162a7e252d.wav,sniff
noise-2debfa98-0312-4774-a059-e43a93504ff1.wav,random words
noise-3101db86-f404-42fd-8f62-b1d2c8d157a5.wav,cough
noise-37d0800c-bbb6-4180-b5d5-a046aff1b4e6.wav,random words
noise-3abc3b2f-d219-4dcc-b7a8-9306998b915e.wav,cough
noise-3b579f62-31d5-4aa2-8e76-2ca1f7931447.wav,random words
noise-435a1ebc-a0ff-447b-ab42-2beac18d672f.wav,sniff
noise-4f351da0-ce8c-4722-8273-cc19da19d6f6.wav,cough
noise-50f9c9a5-ef80-4145-980a-46c86ea84667.wav,cough
noise-5c2da03c-5ad7-4707-b27d-ff1dd18b9b9c.wav,random words
noise-5d55bea2-bc0a-47a7-ab7f-22c1600cc188.wav,random words
noise-629f4111-8e8c-4f0c-bdad-cefaef6d8baf.wav,cough
noise-64944433-760c-4ecd-93dc-17dc1578c378.wav,cough
noise-686c4f8f-e00c-4d95-970f-be3c539c61e0.wav,cough
noise-69289770-e3ea-496e-8ee6-bb59ac6e11bd.wav,sniff
noise-6ccffb54-38a6-4b81-90ab-23b1d1a242a0.wav,random words
noise-6d9a4166-d679-479b-bec4-05a4ef59dc48.wav,sniff
noise-731a7c72-be05-4a3b-ae04-ab8de090269b.wav,random words
noise-74280ac3-e4ec-41b1-b78e-d6b4f804b24a.wav,random words
noise-762b3116-0e21-4320-9e19-b12137f922e7.wav,cough
noise-883e4cef-ee85-4621-b971-d35fe03143fe.wav,random words
noise-8a1a54ae-a900-448d-b6ce-4e42c19ce419.wav,random words
noise-8b47d1ef-9675-4869-bd21-253c8204f506.wav,random words
noise-8e91db65-cda4-4bb0-9e4d-67f1e50db461.wav,random words
noise-9e630162-23d1-4cfc-a74a-4c8d99421e8d.wav,random words
noise-9e7a687a-fb8f-4f7b-aaf7-2d9afe7394ce.wav,random words
noise-9ef24552-2298-4629-b5aa-19562e77887d.wav,random words
noise-a22bf675-0334-4ba3-8f3c-75cad3fc44f5.wav,random words
noise-a4df04dd-a2d9-4499-9e60-bbe4e9947b32.wav,cough
noise-a89ea19b-8946-4327-9678-173c825d53c6.wav,random words
noise-b32df381-0ebc-4431-97c5-1da244f31719.wav,random words
noise-c5c9368e-c028-446f-a67d-8260e3a9757f.wav,cough
noise-d87d734c-d062-43a8-ac76-66c065ca4222.wav,burp
noise-de798894-0443-4cee-bb67-5fd98fd3e0f9.wav,sniff
noise-e44dc9b9-8188-466b-8271-90da40cea387.wav,sniff
noise-e763f1f8-5ada-4311-b759-08d1410835e9.wav,sniff
noise-e9538d78-7eeb-42b3-9050-f8d2bf893ee2.wav,sniff
noise-f3f18c76-620b-495f-9d29-abdd64f4d1db.wav,random words
noise-0161746d-a664-4228-834f-004fee3694d6.wav,false activation
noise-017e4058-a4ef-4b4c-83a6-d994d6e09e3d.wav,false activation
noise-01f3efbc-f5c2-4469-990f-03bd6233a098.wav,false activation
noise-026927ce-96df-4799-92c2-c24402464961.wav,false activation
noise-02a0b7e7-9173-4773-b684-6544361bd599.wav,false activation
noise-037be66a-f3aa-4b1e-80f3-062fb7676c00.wav,false activation
noise-04216879-3aa5-4298-ba6d-cff702c040be.wav,false activation
noise-0425194a-97a2-43e4-a710-1e5b85babdd1.wav,false activation
noise-042d5790-c5ec-4dbb-b8ef-9f7eb649a658.wav,false activation
noise-04ce106b-300b-4039-8eaa-b86cb75e003a.wav,false activation
noise-04eee9a5-034e-4a6a-bee1-7de08480f344.wav,false activation
noise-0500a3e7-4ed9-4486-bbe8-198607bb3200.wav,false activation
noise-050635bd-abe5-4b48-8b4c-bd79f2258f28.wav,false activation
noise-055cef41-ce29-4932-b608-c4dda3e012dd.wav,false activation
noise-059ddcf7-40a9-40b6-8c6c-083ffa9b2eb8.wav,false activation
noise-05a392af-c360-40b2-97b6-df016ee6b94d.wav,false activation
noise-05c05f21-0f7b-41a9-8f8f-ffcbcaf6ab00.wav,false activation
noise-0643dadf-9c1d-4f5b-a9a4-367310aceff9.wav,false activation
noise-0660b8e9-276f-4183-a89f-11c4508a63c2.wav,false activation
noise-06715b42-d28c-4906-896f-2cd1c4af6968.wav,false activation
noise-06777ee6-3c1a-4098-8ac0-914acb77d14d.wav,false activation
noise-0680a146-ac11-493d-8730-34ff4d5d270e.wav,false activation
noise-0735c8a8-543e-4543-a25b-0eef00f40e74.wav,false activation
noise-07be7e5b-d950-4faa-9cea-228942bb4697.wav,false activation
noise-07ca64b1-1833-4b81-9a46-2efa9ebf9b34.wav,false activation
noise-07d80be0-cb8b-491c-886e-4c591bb579d6.wav,false activation
noise-08ffaa92-5554-4575-a262-f6fc5d07c634.wav,false activation
noise-090f5ba5-a22a-43d5-9aeb-a8d6b93c7d18.wav,false activation
noise-0921014f-9e40-4de7-8095-5a1bc0a44402.wav,false activation
noise-096f937e-db56-474d-a1fd-95d39e2ebd45.wav,false activation
noise-09c0cb88-d2a6-489b-a10f-e6d5bafaeffc.wav,false activation
noise-0a068227-1142-4614-acc9-f717313440bf.wav,false activation
noise-0a55cb6c-2233-43ad-9d47-681abab602f2.wav,false activation
noise-0a936e7c-0d0e-4ff0-ad2c-ef998e67890a.wav,false activation
noise-0ab0cc21-d7ba-49c7-b3aa-ea69af28eaf3.wav,false activation
noise-0ad8509a-e179-4154-bbf7-79d0b640c12d.wav,false activation
noise-0b2d595e-8eed-4399-aebb-a75d3a8586a7.wav,false activation
noise-0c602b90-d474-4592-8068-528a79df0786.wav,false activation
noise-0c836f62-dd51-4609-86c5-6f530a6aae57.wav,false activation
noise-0d743582-444e-47e8-8fe3-7ce7cd8f4181.wav,false activation
noise-0da45903-3598-47d3-857a-0e364aba3e06.wav,false activation
noise-0dfc2af3-d541-4b95-b6be-6f94c4aae345.wav,false activation
noise-0e15811c-a56e-4aac-abbe-4719feaddfd3.wav,false activation
noise-0e1a4691-5c96-4657-b736-3ed68fa0da35.wav,false activation
noise-0e8b6a4b-3ad1-4d45-8869-a9f939038e2e.wav,false activation
noise-0ef7781c-bd73-47a4-a90f-74ebae852a0d.wav,false activation
noise-0f35d168-8236-452b-8121-3d2c7e9a9158.wav,false activation
noise-0f3b9896-8b1d-4185-942d-913a91ecf871.wav,false activation
noise-0f5adc54-e0ac-411d-99d1-79106d717297.wav,false activation
noise-0f83f0e2-9c67-4d9b-9b66-540ef392c35b.wav,false activation
noise-0fc0da92-3d58-42df-986a-05614aa9f650.wav,false activation
noise-10175632-ba8f-4594-b378-9581ae27a19c.wav,false activation
noise-10467a03-6d53-43ff-83df-c3ce8ead2a4c.wav,false activation
noise-10ba901a-dd13-44aa-b28d-21b72bcd36a0.wav,false activation
noise-10c4d0d5-b6d0-4e8f-8f8c-2de899017043.wav,false activation
noise-117d0ca3-15db-402a-83fd-28163df41999.wav,false activation
noise-11d90215-284c-4059-8f4a-b370cc231507.wav,false activation
noise-11f3abd3-da76-4d7f-a6bf-519f65073a59.wav,false activation
noise-12aeb1c1-d1a2-4051-af71-7d513c740a92.wav,false activation
noise-12fcf99a-f191-41fb-8a4b-850d08e73fa1.wav,false activation
noise-134a43d2-b579-4d36-a99a-da240f2c4aca.wav,false activation
noise-134ff36f-42dd-4f39-8d59-45a26e929a1d.wav,false activation
noise-135b9c6f-a7f0-4b74-9c1e-4e533c38d7a9.wav,false activation
noise-13f7ba56-cfe8-4c17-b8fa-1e23ba58ecc3.wav,false activation
noise-1493c01e-fe5d-43c2-ae70-f7a7fba88db9.wav,false activation
noise-14ef2374-440f-4dcf-bfc9-d434a5653261.wav,false activation
noise-1650e2c0-6489-4e79-a651-8ae3c00e22d3.wav,false activation
noise-16515fb0-6016-40b3-8e0f-86b2842ceedc.wav,false activation
noise-16af858c-218b-4b6f-8784-a25fc34a1896.wav,false activation
noise-16f3ba33-ea53-4ae1-8ddb-6602fad90962.wav,false activation
noise-172fb006-4f99-4b7d-a39f-5c45d3758483.wav,false activation
noise-177036be-854b-4139-9521-2143257cc73d.wav,false activation
noise-1773f627-47dc-4639-885f-c74c0cd1e605.wav,false activation
noise-185f324c-23d3-4a20-90fd-296584354e7b.wav,false activation
noise-18c41688-a4e7-46ae-9f32-98db1fc48b18.wav,false activation
noise-18c72011-e1cb-476b-9975-7aab1b520fcc.wav,false activation
noise-18d7adf6-a60d-43ff-ad90-4436b312884e.wav,false activation
noise-19bf4231-5c0c-4edd-8227-77c816e90abe.wav,false activation
noise-19d06d19-32ed-4715-be53-3fc1903538e6.wav,false activation
noise-1a14feb0-6663-42aa-b04e-7235cc5c0211.wav,false activation
noise-1ad5c10f-ca5b-44df-810b-4174a49feca7.wav,false activation
noise-1ae995f5-cf9e-4de1-a174-ebca813f05b2.wav,false activation
noise-1b31f380-7948-4643-b3f3-41f458c98822.wav,false activation
noise-1bdaf0dd-b8eb-4153-b6d5-6ae92ee95bda.wav,false activation
noise-1c989bcd-4990-484a-bf6c-6799d471b7af.wav,false activation
noise-1cd837bc-4b84-40df-80b3-11194a7db7cc.wav,false activation
noise-1db607ec-56e6-4e0d-af7d-b92f2702f8af.wav,false activation
noise-1dc587f4-e58a-4190-9502-90f1f6bba003.wav,false activation
noise-1e0e4c46-b184-4262-8b90-dc0ac075c669.wav,false activation
noise-1e62a27b-114a-4d17-8d2b-336cb3d4b80b.wav,false activation
noise-1ebd9f31-4c6c-4fe7-84a9-86e147a704ae.wav,false activation
noise-1eca50a0-6d66-4abd-bb42-20bbd258dcaf.wav,false activation
noise-1ecabfd7-537d-4fc5-a17f-ebd254f5b7c7.wav,false activation
noise-1f23c82a-dce5-4c19-b1c5-8f8568feb296.wav,false activation
noise-21151eef-ecb0-47d2-95ad-726199253591.wav,false activation
noise-212630b8-09b4-449a-8872-737a838c13d6.wav,false activation
noise-212d038f-83a4-4c90-be2e-8e20d269f1f0.wav,false activation
noise-226233a6-9960-4a99-aa97-fe20ad9101ee.wav,false activation
noise-231084c1-ad53-4a95-b6cb-632ff2ae898d.wav,false activation
noise-23816d92-2a67-4d78-a9cf-77999238c4fe.wav,false activation
noise-2381de0d-ce5d-418c-865c-ecf988bb3f95.wav,false activation
noise-23d76313-15c9-4430-be66-36aac9d8a099.wav,false activation
noise-23dee248-6ed2-4571-bdcf-e390ae51f3db.wav,false activation
noise-24400de4-afa9-4250-bd71-006bca0af921.wav,false activation
noise-24f7ec38-34cf-45a7-9b89-799f9dc75e4c.wav,false activation
noise-26c41049-fd67-45ae-a25c-d118b4be697c.wav,false activation
noise-26d5b082-fea4-41cd-9f51-7331e3945fab.wav,false activation
noise-26fabd86-5f75-4469-8801-ce31274dc2b7.wav,false activation
noise-27322dca-2d80-4525-b6bc-a788428ca4dd.wav,false activation
noise-2744b126-e6e0-4570-83f5-2e75895552b8.wav,false activation
noise-2751791e-2b4a-4d82-be12-aac4225ae549.wav,false activation
noise-275290fe-e2b0-4e99-9b18-23462a7b6ef7.wav,false activation
noise-2791ba33-75ac-46cb-956d-51454a802c60.wav,false activation
noise-2796dd67-8a5b-4c90-9cc9-f745d320f14c.wav,false activation
noise-29500ad2-88ce-4459-90bc-cc44e317ad7a.wav,false activation
noise-2ab0b340-ef76-4da8-965b-0cb62a7f7a7e.wav,false activation
noise-2b7d99c8-dd8e-42cc-86e7-aae49c7a341b.wav,false activation
noise-2bd8254f-a66e-4cc4-ae90-a885abd655e6.wav,false activation
noise-2c072428-a5dc-426b-8788-5e65e44adca2.wav,false activation
noise-2c814a23-8b95-476c-9e34-45c855c545c0.wav,false activation
noise-2cfb7003-f117-4fe4-a4cd-5d01c2746339.wav,false activation
noise-2d2c9000-4aa5-4fdd-8381-4e50bb7b5ca7.wav,false activation
noise-2e5a6e64-13c1-46ab-b4f0-3b1993c4e672.wav,false activation
noise-2f0b5439-8a0a-4eaf-9fb1-673feb247e53.wav,false activation
noise-3004f203-d8c5-42f4-89df-4e589ede1e54.wav,false activation
noise-30ddecf4-8dc8-410a-98fc-a321de17831c.wav,false activation
noise-31100f8b-b1d8-4345-9dfa-353e7be07e0a.wav,false activation
noise-318eb616-f94b-465a-92cb-b784f67cf7a4.wav,false activation
noise-32634c23-2852-4792-9709-dee37ce1011f.wav,false activation
noise-32b04085-d964-4f15-8fd9-f64239a7c24c.wav,false activation
noise-335e6107-6d2a-408a-8edb-46ac308fa8cb.wav,false activation
noise-33711f7b-510a-4f20-9e57-da3f5229de68.wav,false activation
noise-341dc1c6-414d-40c7-9614-c927152ff2b7.wav,false activation
noise-34288280-f5d4-4d27-be1f-a9abfdc3c3d4.wav,false activation
noise-346bee5c-91b3-49a0-93b1-1810bf4cbedf.wav,false activation
noise-34b365e3-a403-46c4-b2c5-f12a8dfe7d27.wav,false activation
noise-352bf70c-1543-4c3c-9fd4-77b4f0576b28.wav,false activation
noise-35b420b1-c255-4dcb-bc60-12ed7b931c6c.wav,false activation
noise-35c5a974-171a-4ffd-a122-45baccb9529e.wav,false activation
noise-36389ed1-9d71-4965-985a-6e7efdf5dcd2.wav,false activation
noise-36683c1f-ed91-41fb-a433-7b69e14bd674.wav,false activation
noise-3777ffcf-68e9-4356-83ea-6f0646f7d20f.wav,false activation
noise-37940bd1-3a24-421f-a4bc-1eb16fde9a7c.wav,false activation
noise-37f5088a-b4a1-42d3-a2fb-31b833db5fae.wav,false activation
noise-37f67ec6-06a3-4247-b043-f09c24b36df0.wav,false activation
noise-38026696-ac03-4e92-9cd4-1e5b670f1ac4.wav,false activation
noise-38a9dd83-f151-4e78-9d28-38f862ef10dc.wav,false activation
noise-38af2729-66ae-46f0-90bf-bd9d02519904.wav,false activation
noise-38b16b1f-70f1-4d0c-93c8-a491025d96de.wav,false activation
noise-38c1a927-2655-4bde-a336-b1a0f16b24fb.wav,false activation
noise-39447bf0-ffc5-4f5d-963c-7056118d181d.wav,false activation
noise-396a60fc-0792-42c0-9c56-a75f26f8c3fd.wav,false activation
noise-398ce33a-aa67-4f96-b459-d2ed937e5238.wav,false activation
noise-39be0bb5-a35d-4396-8f8e-6ce4c7b93fe4.wav,false activation
noise-39d20f87-4d60-42cf-8bbc-13b5ed6dae64.wav,false activation
noise-3a9815eb-1831-43a8-9e77-e0f914197d68.wav,false activation
noise-3a9c594e-5851-4bda-acfd-87b80f8df426.wav,false activation
noise-3aa2de2a-2eac-40af-80a3-11e53c1838e8.wav,false activation
noise-3ad99110-1f1c-4fa3-a854-cc198991edb7.wav,false activation
noise-3b084c66-025f-438b-9a7b-0ce67d27ad7e.wav,false activation
noise-3b1917ce-35e1-4682-9cf5-13c6de2994ae.wav,false activation
noise-3b52521d-b3e7-4a65-a775-f642337933e1.wav,false activation
noise-3b9fc682-9870-4867-95b8-12705b450088.wav,false activation
noise-3ba4a619-4f90-4159-8c20-5bad8ac7ebe4.wav,false activation
noise-3c322eeb-b483-4450-843f-ee66893de952.wav,false activation
noise-3c5f1567-7da7-4a2e-8d1e-35822336993b.wav,false activation
noise-3cb39619-f534-49bb-9b9f-b489c3ad4bc2.wav,false activation
noise-3d1600b9-742d-4bed-bda2-23cf03b0260c.wav,false activation
noise-3d2c65a6-4e76-4b9a-a8ae-ad4159a0b692.wav,false activation
noise-3dbf0bb9-2c67-4dd3-a742-ab2597243a46.wav,false activation
noise-3e263b2a-18f5-48de-800d-5a3b8abbb201.wav,false activation
noise-3e46c377-e26e-4b22-8c51-65888ac22001.wav,false activation
noise-3eb3b6d9-d7f1-40a8-a30b-21968dee7382.wav,false activation
noise-3ecb7618-5e59-4945-9d55-8a555a9789e2.wav,false activation
noise-3ee9380e-f3cd-4bda-8e40-3fe2fd155040.wav,false activation
noise-3f5f4f04-6e5d-48c5-b729-a8de5470247f.wav,false activation
noise-3f7cf53e-6fba-4f09-a8a7-ef6b1646a757.wav,false activation
noise-3f988e75-3adb-4231-8783-45efcd691f43.wav,false activation
noise-403a3447-bc8e-4f21-a7a9-61af7a6222de.wav,false activation
noise-403e16a1-b250-49e8-af88-9900ebe31420.wav,false activation
noise-40c3b8d7-120f-4cd5-9a43-8242c1a49843.wav,false activation
noise-40ddb287-ad49-4cef-b96f-a31f34bda0ab.wav,false activation
noise-41004ee9-4b45-4d29-81e2-ac028e2f8b00.wav,false activation
noise-4185b015-41f0-4f06-91f5-02c0f68cd745.wav,false activation
noise-424e5013-daeb-432f-a1c9-6a9d9e6b1a7a.wav,false activation
noise-42b40250-0de4-4a1c-a13e-3bb75c71b2ad.wav,false activation
noise-439800df-368a-47ba-8be6-b3a96f38950c.wav,false activation
noise-43af86fd-f224-48e4-904d-c7ce9c29adfd.wav,false activation
noise-44297404-16bc-440f-8540-d037e6228ba7.wav,false activation
noise-4545f57e-b699-4e99-bf66-547ecdf502cd.wav,false activation
noise-4584b083-6ec0-4e17-8ee0-85d29b45b765.wav,false activation
noise-459ead13-0bdf-44af-a8ae-d3de6107107f.wav,false activation
noise-45be094d-a24a-4f5a-9aa8-59dad1a9b1c3.wav,false activation
noise-462ec6a9-d31e-43cd-8a74-ddc103420eed.wav,false activation
noise-474abfb0-6c49-4762-a07c-798c6603f70f.wav,false activation
noise-475154a9-c5cf-4743-a8c8-289d585cbacf.wav,false activation
noise-475d434d-3eb4-43f6-9fdf-50725e723fca.wav,false activation
noise-47d2e9b3-041d-4b78-a23d-f640ef9e7dc1.wav,false activation
noise-47e2fe3a-d654-4fa0-8182-13a0bb78c1fb.wav,false activation
noise-485147f7-47d9-4927-9b64-a140a95c2e57.wav,false activation
noise-48fee75b-b17f-48ee-83dc-99628ef97d77.wav,false activation
noise-496ad661-99e0-4a1a-a7fb-a46c8fcd5dd4.wav,false activation
noise-497ae3c1-ec87-4bd6-9196-bce35171e2d0.wav,false activation
noise-49c96bc9-ff75-4028-8a37-ca63f193667c.wav,false activation
noise-49e50a1e-414e-40a6-a8e8-55b804b8f283.wav,false activation
noise-4a193703-e2b9-455f-976c-bd863eb9c701.wav,false activation
noise-4a98edab-0bf7-4fdf-b583-fdfaaaa80b83.wav,false activation
noise-4b68079c-427e-48fd-bb98-4ae47d7f1843.wav,false activation
noise-4b854485-d5f0-445e-acc8-8e97f75ef472.wav,false activation
noise-4b860485-d9e3-496a-938d-d9b1345704e3.wav,false activation
noise-4b98a9a6-1b81-426b-9b9b-cc9dbd5f6972.wav,false activation
noise-4bbc5f77-35fe-408b-9a34-c01aa809ae57.wav,false activation
noise-4ce1a6e0-bfd6-457c-a40a-298ffcc3b149.wav,false activation
noise-4cefcd13-e42a-42e3-9deb-6716ff456c41.wav,false activation
noise-4d02cb64-7817-4b86-b43f-19b71b7dcd33.wav,false activation
noise-4d3c19bd-d289-4824-987a-9ec0b5e1a3b6.wav,false activation
noise-4d847fef-e15f-4b14-bac3-116035f35083.wav,false activation
noise-4dc18e8c-6ec5-4bb8-ae72-989fb8d322e8.wav,false activation
noise-4df8f8bf-6a51-4176-a306-801590615c87.wav,false activation
noise-4e02b53e-7ac3-477d-936c-ab526f99bfbd.wav,false activation
noise-4ed60c1b-0ab5-417f-936c-48f279f7d533.wav,false activation
noise-4efd4cdd-df0b-4553-a3df-0f0622d4d58d.wav,false activation
noise-4f084e75-265c-481b-9321-fce4ef13b0ac.wav,false activation
noise-4f312830-cccf-48eb-91b2-e4a794d5f0b8.wav,false activation
noise-4fbfe857-7f94-40a1-9462-187071ee7a5f.wav,false activation
noise-5009571f-20b4-4f9f-80ba-f5173ffd5454.wav,false activation
noise-5030e8d3-26ad-437a-a063-3616121492db.wav,false activation
noise-503e556b-5266-4766-8011-481fd765ff5f.wav,false activation
noise-50a79be6-e19f-44a3-9f56-dd7b737fbcb6.wav,false activation
noise-5188465e-352f-4a14-9d22-0542be67cef9.wav,false activation
noise-518d6ba0-b5fd-405c-977e-38d656e7e9c5.wav,false activation
noise-53580675-a920-4353-8685-30d193e2e8f4.wav,false activation
noise-53b66f03-aea7-4e70-a347-33643bd01baa.wav,false activation
noise-5411201b-04c1-456f-b0e3-56ecdcc08dc3.wav,false activation
noise-5454fa3b-bbaf-4ddf-8595-76f930cc42b1.wav,false activation
noise-5455036b-3527-4c8d-b9ca-d049de216d4f.wav,false activation
noise-5476dd04-a4c9-48d4-be8c-9cbed68e91f3.wav,false activation
noise-54e36865-c690-48f0-8fba-5be04deff1d5.wav,false activation
noise-55028210-ed08-4d39-b28c-ddf876571ad4.wav,false activation
noise-55c21be5-5f19-4818-94cf-343ca2737045.wav,false activation
noise-55d90d03-223b-4718-bbd9-75e7a5dbb880.wav,false activation
noise-5606e86d-f08a-49a8-bc9f-65714d5aa856.wav,false activation
noise-56442f52-c77c-47d9-8614-9d7cd2f4ea5a.wav,false activation
noise-565ce624-f362-4107-bfe1-7b53fabf1a1f.wav,false activation
noise-572c0129-6620-42b2-a80c-d38613073c64.wav,false activation
noise-5748edfe-1d04-4573-8f62-ab2a4d811efa.wav,false activation
noise-57d631ed-2758-4318-a2bc-aedb469b8fd6.wav,false activation
noise-582b6da0-6cc5-46b3-8737-1acf03badc90.wav,false activation
noise-583cc2c3-2fe5-4c17-ae02-ee8bd1094dd7.wav,false activation
noise-584aa11f-50da-44db-8276-0b5aef6ccf5b.wav,false activation
noise-58b58480-91e2-4bb0-9373-1f56bb02b2b0.wav,false activation
noise-590d8e1e-15a7-475d-9025-7b6b8a109ace.wav,false activation
noise-59200827-3975-4351-9c9c-fcfb02bd945b.wav,false activation
noise-5924afe5-fb20-4f26-b311-f68596f6e422.wav,false activation
noise-5960610a-ac1d-485b-be96-92e0e521ef4f.wav,false activation
noise-5a216c9b-5d84-41e8-b049-e886ae51a6eb.wav,false activation
noise-5a6fb471-0d74-4d7f-a4aa-f5e65e3044b6.wav,false activation
noise-5ac4cd3d-97f4-449c-ad34-d10d93b5db91.wav,false activation
noise-5ac7ed82-c1c6-4df5-9300-417a2fec164e.wav,false activation
noise-5b449d38-78ad-4fa1-879e-b91c4d9de5e3.wav,false activation
noise-5c45ae7f-8c23-48b2-83c4-613ad91e328e.wav,false activation
noise-5da008d5-8267-49a5-b7f6-6fe381a66816.wav,false activation
noise-5e431436-bc2e-49eb-b5bc-b5267f743550.wav,false activation
noise-5eb9c6a2-3f04-45f9-b08e-7de46d0d2816.wav,false activation
noise-5ecdd54d-539d-4dc1-89a4-861ef13d5066.wav,false activation
noise-5f1c9145-05cf-4276-884a-42007ce811d9.wav,false activation
noise-5f216b9a-2dd6-4184-b548-2c1f8a33435c.wav,false activation
noise-5f7d476e-1a0f-4015-8ee9-8716d898acab.wav,false activation
noise-5fa8c9b4-5e30-475d-bd4b-86e60e8778c6.wav,false activation
noise-5fe2da91-3331-4a63-bf4e-61373ad9b58e.wav,false activation
noise-60ae294a-7256-438d-96b2-1db064c77b81.wav,false activation
noise-60df96fb-a6da-4460-9e79-2d8aee77a0b9.wav,false activation
noise-60e52c54-974d-42c0-b1f8-4c511bc020d1.wav,false activation
noise-6142b9b4-ab4b-4279-afe2-cacb5585a009.wav,false activation
noise-6177b4f0-81e8-4df1-8e96-6d99f0f26500.wav,false activation
noise-61dbfcbb-da4e-450e-87ab-cdb77b5b5be7.wav,false activation
noise-625a68ac-4d3c-4d3b-877e-ba82e449ed04.wav,false activation
noise-62c68af4-2459-4156-9f43-9a4bd5646f30.wav,false activation
noise-633178e7-c3a6-4335-84ff-c981e32646ba.wav,false activation
noise-6365e025-2cba-46c7-bc90-6c455beee418.wav,false activation
noise-639bffc8-e429-425d-89d7-fa06b42c9e72.wav,false activation
noise-6442da55-1db8-40fe-9f24-7b4213e9a14e.wav,false activation
noise-6535364b-d0d9-48b0-97fb-747c5faafdd7.wav,false activation
noise-656e09b2-bb3e-4190-bd4d-9c1dedafb564.wav,false activation
noise-6598a397-5bcc-4749-94dd-bf0087bdebb2.wav,false activation
noise-67a45977-dd7e-4144-8b2e-b6e45b9beee6.wav,false activation
noise-68023871-3a5a-44b1-9405-90000097490b.wav,false activation
noise-6829e9b5-8cf6-47c9-b15a-254ba43566f4.wav,false activation
noise-682f1656-3394-464c-aea0-ac919f817dbf.wav,false activation
noise-686923b3-c620-4f70-a1ae-8f271dbda8dc.wav,false activation
noise-68960775-6bc2-40dc-ac3a-15942886c675.wav,false activation
noise-68afe843-94c7-4a4d-86f0-6697c6009c79.wav,false activation
noise-68e8e563-c40a-4fbe-b6b4-f742eac00cd6.wav,false activation
noise-690ce743-b69f-4129-9d8c-62ecefff1160.wav,false activation
noise-69ec12b4-a038-4df8-9315-a505a8ddbb04.wav,false activation
noise-6a189a84-29d0-402c-8b08-0f9eab1726b1.wav,false activation
noise-6a404cb7-fab3-48ac-8d92-e0c8be6051bf.wav,false activation
noise-6a4892c4-6e49-4905-9993-1f0c65838867.wav,false activation
noise-6ae36ef7-f3b4-4c41-9265-2c6752c47b3e.wav,false activation
noise-6aed8c78-ad69-4b4b-ac19-700fa483a7a9.wav,false activation
noise-6b0a1f5d-ec9a-4bb8-98a7-95f82b1d67a3.wav,false activation
noise-6bd55f47-539f-44b4-b033-7296a2f159a1.wav,false activation
noise-6c2d3e75-5f57-4a4a-bc0f-abe545b1ba9b.wav,false activation
noise-6c3a98ac-0c41-4639-9de2-4228ba0dba91.wav,false activation
noise-6c4abd87-164c-4cd9-bf76-b0adbf5b2979.wav,false activation
noise-6cadd388-955d-4d53-a1ee-2403de276e07.wav,false activation
noise-6d4b3528-e9f2-46ac-bda2-11e07d260fe4.wav,false activation
noise-6de1dd9d-3844-4ea9-843e-e3794acfd16a.wav,false activation
noise-6e08fb38-6cce-4fe0-a864-3806b9e57765.wav,false activation
noise-6e3ac072-094a-4e60-ae58-9d79663c3f1c.wav,false activation
noise-6e537fb5-1e71-4048-ad74-4e9a983a7157.wav,false activation
noise-6ea0e58c-563f-414c-89ca-6e63c238def1.wav,false activation
noise-6edd6149-867b-4529-8af6-39cac3b40420.wav,false activation
noise-6efc5467-60cd-4e0e-ac6e-07ae83200ebe.wav,false activation
noise-6f3709cf-624a-48ca-a038-712c8b207e28.wav,false activation
noise-6f54cc00-26c4-4143-9cb5-bf30c87cbde1.wav,false activation
noise-6fa28b39-361e-4eab-9ef0-ced3f25e9a7d.wav,false activation
noise-6fb16e14-f240-4710-85a5-7b2ade456a33.wav,false activation
noise-6fdac877-8321-4369-8f60-c0f319715cb0.wav,false activation
noise-700318e9-8d89-433f-a9f5-35aeaf9b6cae.wav,false activation
noise-701db9f9-9fe5-45ec-8a72-f6cb5e731ef9.wav,false activation
noise-705a9b72-ff2d-42cc-bc35-6e7da731c0c8.wav,false activation
noise-70e73a33-2fec-45ac-bc37-0102a39cba47.wav,false activation
noise-711012a8-751f-4d89-bd9e-d69f817d0f85.wav,false activation
noise-711723cc-0ea2-4267-bf3a-516709c02aa5.wav,false activation
noise-71305a9e-6fa9-473b-b84c-06a4c2c61335.wav,false activation
noise-713e4543-5dc9-4fb3-a575-22555dab5083.wav,false activation
noise-714fd503-56c0-4990-8cc5-faa495dd5172.wav,false activation
noise-71bc989c-d27f-4b85-8276-7684a76a571e.wav,false activation
noise-71f56e23-4134-4999-87e8-53d55be0d785.wav,false activation
noise-721fc568-b006-4795-8d24-81b6f340f689.wav,false activation
noise-72614236-6c23-4be4-b1d9-ba4d9274b562.wav,false activation
noise-73208513-0f74-451a-804e-b63b2f247ece.wav,false activation
noise-73dfe2a0-de5a-4cf5-9e0c-f16f86135740.wav,false activation
noise-7428701f-c2a3-4133-aa15-b135c6669691.wav,false activation
noise-74375c8c-0aaf-4232-977f-258daa8b2fd7.wav,false activation
noise-743df2a4-c6e6-4715-b633-55384b0a1c44.wav,false activation
noise-74a0c43d-2cd6-467d-b186-a44c76a0334d.wav,false activation
noise-74f96084-81b2-4179-a5df-8573d48d8340.wav,false activation
noise-75208a12-0b4a-46bc-ab40-2f761e070c40.wav,false activation
noise-753932be-56ba-4521-b2a0-79b675f9ef1a.wav,false activation
noise-75b83dd5-479f-42a5-83f3-83efa22f6633.wav,false activation
noise-7625afc1-493a-44b3-8e80-3c6922262097.wav,false activation
noise-77675471-f01c-4664-995e-400e3ef82227.wav,false activation
noise-7780327c-37d7-4e4a-b045-dba34f2cf314.wav,false activation
noise-778528ff-7ae0-40e5-a5b8-4dca6e770b72.wav,false activation
noise-77f1a09a-8107-44ca-ad2c-77d1159b7832.wav,false activation
noise-782cb224-0ada-48a2-9db2-0187b2a0cf72.wav,false activation
noise-78a5241b-52c4-4726-98de-19fc9df5a25c.wav,false activation
noise-78b49480-8ff7-4c8e-acc4-588f2eea6a83.wav,false activation
noise-7969db99-54b9-4a14-b7f4-26978b988646.wav,false activation
noise-7a6628c9-73dc-44c5-b439-b92037dbe9cc.wav,false activation
noise-7a9e9952-5617-4e32-864a-104ddd32c643.wav,false activation
noise-7b043ac4-8881-4afc-ad0b-b7c615191ef2.wav,false activation
noise-7b46c041-e590-4bab-aa47-dd274937de84.wav,false activation
noise-7bb59ace-35cc-4b6c-9028-5ab7a8a9f926.wav,false activation
noise-7bf73585-70c1-4249-a7d2-15b43286c020.wav,false activation
noise-7c1054e1-17a9-4c18-aeb7-d8a0473ecd44.wav,false activation
noise-7c178db7-eebe-49ae-ad6a-de9b31b5993e.wav,false activation
noise-7c445754-2632-4dbf-b400-60577d7110bd.wav,false activation
noise-7d69cfc5-07ac-436e-9bc9-a7d24dfab6ca.wav,false activation
noise-7dd4dd33-79de-4fc8-8d85-5e4f395cbb3e.wav,false activation
noise-7debdee5-e829-4fa3-af33-987639ebb417.wav,false activation
noise-7ea2d37e-0266-422b-bc2b-c645d1a7096b.wav,false activation
noise-7ebb4eb7-fd17-46b6-8570-eec077ea8013.wav,false activation
noise-7f00ab23-273d-4efe-9e8a-02470c706867.wav,false activation
noise-7f1cc4e9-40d8-4ae6-bb35-57b8cb8ec9a0.wav,false activation
noise-7f91f52c-ff1f-4c67-9e84-94d49911b369.wav,false activation
noise-80273a0d-3abc-4017-96fa-ece37ae34612.wav,false activation
noise-802813e4-3d6d-4554-9205-148cd73843f3.wav,false activation
noise-80750e8b-797c-441d-8bdd-6ee3a0d1596f.wav,false activation
noise-80857ae7-0596-42d2-8bfb-1324daf192f4.wav,false activation
noise-80a7ef1e-936b-4755-870a-efed12ffc9a5.wav,false activation
noise-80d6c6db-ce73-42af-8779-c0c145fa21e7.wav,false activation
noise-81084907-948d-446b-b125-be38da6c164a.wav,false activation
noise-8121f898-2867-48d3-a537-eeeac9b247fb.wav,false activation
noise-81667d69-79dc-4f45-bbfd-7180aa9fc700.wav,false activation
noise-81aa6561-241c-4293-aca8-0d75e7024eda.wav,false activation
noise-81c3d226-222d-48f7-a6db-b7bee0d1d893.wav,false activation
noise-81d544a6-45cc-4ea9-9243-cbfd26e52dd0.wav,false activation
noise-82259927-65d2-4d99-8daf-95c99596f05c.wav,false activation
noise-8226c450-05a6-46ac-88a4-0e7a91c457c0.wav,false activation
noise-82df8f25-385a-45e8-a840-e212509b89be.wav,false activation
noise-8353a662-bb8d-4efb-b1be-97984b575248.wav,false activation
noise-83cac878-eca6-4a65-b768-f42daeb4b284.wav,false activation
noise-84f90037-dfbc-4c87-88bd-8307c8055b15.wav,false activation
noise-8531cf51-39fa-42d2-b3bc-8f8b94c22c2f.wav,false activation
noise-85665ea3-dfdc-4596-bd8b-9da6cf994521.wav,false activation
noise-85cd6b51-f8a7-4b29-aac3-4ab263c8554e.wav,false activation
noise-85fec4b9-4e75-41c3-85f1-6f054fb9a425.wav,false activation
noise-863fe034-e719-4eb1-a38f-82e80f3455d1.wav,false activation
noise-86c9d7a9-73b2-4ede-90b9-2af55a6c9483.wav,false activation
noise-86e86fda-e136-43c3-9943-a6db34372ee1.wav,false activation
noise-86fb2fd5-40a9-4062-8581-bd788ae22725.wav,false activation
noise-86fedbaa-f04c-4686-8b5d-45d0ec5e4357.wav,false activation
noise-877e97c4-d403-46e4-9228-fe419aeb4c64.wav,false activation
noise-87de0e27-2bdd-4143-b60e-3e445729377f.wav,false activation
noise-880c1e09-4f83-47eb-b630-078903a3bb0e.wav,false activation
noise-884d92e2-fa15-402a-bf88-ba825611ff73.wav,false activation
noise-88b5c45d-b55b-4f4f-8058-72e959867ce3.wav,false activation
noise-88e06234-67da-4498-8fb3-e60f3eaf7c6f.wav,false activation
noise-88f6f388-439d-4278-9720-ded3200eb3b6.wav,false activation
noise-8929a1f1-3bd5-4d9e-a283-6e63da0d5a34.wav,false activation
noise-896a607b-3a0f-4afb-99df-c318c4e16dba.wav,false activation
noise-89aedeb4-e626-4b4a-9a59-9490d8b81629.wav,false activation
noise-8a3a3229-2d07-4faf-8bc5-152ce0d9e442.wav,false activation
noise-8a4d5328-0731-4929-94b0-5b742430cf18.wav,false activation
noise-8b36d4a0-e4a9-4db7-9d0b-8ec8262f1102.wav,false activation
noise-8b65e4fc-afe5-4336-89b8-407071ad8ab0.wav,false activation
noise-8bc49a0a-f3f6-4213-8c28-e672258f09d1.wav,false activation
noise-8bd31330-afd5-4ae7-b0ed-bb0ee910cc15.wav,false activation
noise-8bd974c9-ce06-4a7c-9c83-1df9e556dcc3.wav,false activation
noise-8bdb8f07-4559-4cf0-babb-d67314ba6d63.wav,false activation
noise-8c0d9a0b-b248-4e10-b188-5ec377e402a1.wav,false activation
noise-8c3cd4c9-c2a4-4fd9-909c-3289587bac6e.wav,false activation
noise-8d4f8aaf-c67f-4cf7-ba8f-903b663f5fdb.wav,false activation
noise-8db44d3c-6cbe-4f51-9894-623d4d8c2608.wav,false activation
noise-8db5d6a1-c669-4385-a715-eda848fb233f.wav,false activation
noise-8dc0d1c1-e647-4ded-bd63-9db497ec4d12.wav,false activation
noise-8e885ffa-7807-465c-9782-a3cb734aa195.wav,false activation
noise-8ea042c0-1554-48ba-8e3d-94461927ab6d.wav,false activation
noise-8ec80187-f48c-4442-be3e-68ef8acced08.wav,false activation
noise-8f9d99b0-ab96-4fd3-875b-d88d235f4ec8.wav,false activation
noise-8fa925ee-cfc4-4b33-8210-4502709d4295.wav,false activation
noise-902a4b79-4a9b-4c14-8552-05c6453d6fd7.wav,false activation
noise-90504e12-5c91-48fc-b9ae-e506a5b19fbd.wav,false activation
noise-90b781ab-3522-4fbd-a607-cf20b89df37d.wav,false activation
noise-90df4d09-efe3-434f-b538-964fcdf27048.wav,false activation
noise-91ab02b9-b44b-4cd8-8971-c35ab188a590.wav,false activation
noise-92240d33-fc32-4b00-81dd-6854fed407fb.wav,false activation
noise-923dd957-0315-41f7-8f51-46cc04733774.wav,false activation
noise-924f04c4-1bfb-48f4-8365-6d762c5befc1.wav,false activation
noise-937cccfb-72d9-4bdb-b670-fd8a6a92b64b.wav,false activation
noise-93beb97e-7aba-4cfc-909a-801256e6d3ab.wav,false activation
noise-93de4312-f0f2-4a48-ab6c-0ba1b818ec87.wav,false activation
noise-940e7cf9-6ef6-4ebc-bbbb-16b48c8c5737.wav,false activation
noise-94135528-dbc2-43c8-a766-a7fbd2559866.wav,false activation
noise-9458ffb1-5839-43f4-8d9c-a756115c8665.wav,false activation
noise-9461e8e2-d2d2-4199-b585-762d45ed4692.wav,false activation
noise-9465565c-acfa-4183-8da6-295a1f6b6d65.wav,false activation
noise-946ee9f4-3de7-45e0-b8d9-d2a3efb8c3c4.wav,false activation
noise-94b0631c-0375-4208-8f5b-e9ea19ee1fc3.wav,false activation
noise-9539b137-2414-4035-8be2-cd84503064f2.wav,false activation
noise-9543490a-a6d0-455e-9874-bcbbbb2f514f.wav,false activation
noise-96c509e1-8914-4072-acd7-5f662f9afa78.wav,false activation
noise-97031136-7a36-48c1-8137-fe7e7a760c67.wav,false activation
noise-97590896-0338-4c1d-94cc-0e496af9974c.wav,false activation
noise-97a539da-5b18-4076-af13-0d08b27c94b1.wav,false activation
noise-97aa7c1d-219d-4db2-841e-be0c5d7608cc.wav,false activation
noise-97e2e4fe-d6dd-4e43-b6cb-b9f7e82f0e16.wav,false activation
noise-982243ec-fcec-43bd-bfdd-6402401236ec.wav,false activation
noise-9878547b-965f-486d-a387-25f0f0c298d1.wav,false activation
noise-9891c597-957d-4e77-a6ff-b3bba5c1f3e0.wav,false activation
noise-9906bf79-569b-495a-8936-e39b65ef5f55.wav,false activation
noise-9923d52c-777d-49f1-a692-520a5f2b03bb.wav,false activation
noise-99c1d2d4-50d2-4fa3-8e6c-66e76e42c16c.wav,false activation
noise-99ddbda1-dbd7-470a-a244-423e7133d3f8.wav,false activation
noise-99e24fa8-cba9-4ecb-90f0-3c83792b58ac.wav,false activation
noise-99ee990f-7b4e-4ef7-adbf-408b0b7674f9.wav,false activation
noise-99f185a3-b2ad-4b4b-83a9-e625b1813dec.wav,false activation
noise-9aa15d1b-518f-49fc-9989-e8f905c2fc69.wav,false activation
noise-9b21232c-569b-4323-9745-db54cafc9bcf.wav,false activation
noise-9b780986-2eb4-4106-a0cf-a54ea4eb9330.wav,false activation
noise-9ba6cf9d-7f03-4565-82fe-d6017fa2586f.wav,false activation
noise-9c250e3e-54da-4316-b74d-631c64924fce.wav,false activation
noise-9c286631-7b2c-4b3c-8e6d-83017133cc71.wav,false activation
noise-9c441128-9498-4684-8ec1-aee146d60f41.wav,false activation
noise-9c8afe48-0909-4536-83e1-758bccaa57ee.wav,false activation
noise-9d2ad5af-14e1-4b6a-a053-6e535c9238bc.wav,false activation
noise-9d6065de-d933-4f18-92d7-3d7df3e26c28.wav,false activation
noise-9e2083fb-6c74-4be8-83bd-49e066708865.wav,false activation
noise-9e6e3f40-d1e3-4dbc-ab4f-d7a3b4fd830e.wav,false activation
noise-9efb850f-e369-49a5-b617-bb54b0497a27.wav,false activation
noise-9f1a1c5e-d4e4-4130-aaa7-b696bad5b282.wav,false activation
noise-9f20e4d2-b416-4e32-bb45-c9d97345f8af.wav,false activation
noise-9fa7051a-2539-4ea7-bbdb-8bf7d911a7bc.wav,false activation
noise-a043d1ee-b25d-4806-b4f0-7ac9d8a6e2eb.wav,false activation
noise-a11de30f-5d67-4519-95d2-74b57f93af04.wav,false activation
noise-a1358cbf-2994-4a45-aded-58847a7b5a54.wav,false activation
noise-a27c7f8f-4c3b-4f5f-b82d-d9f01bac6ba4.wav,false activation
noise-a27dd22a-2b43-46f8-a6ea-7c43c84bbe3e.wav,false activation
noise-a289cd10-0d39-49a1-befe-6fec45b40aab.wav,false activation
noise-a28aee68-b3c8-44ed-9840-0e04a8984cc0.wav,false activation
noise-a3252088-cea9-49c1-9c1e-d8efaf5ec507.wav,false activation
noise-a34791fd-5b08-4e70-a4cc-af8823319821.wav,false activation
noise-a361d665-7dfb-4c4c-a076-26f54085801a.wav,false activation
noise-a3cfc285-7b2c-416a-99d5-1d570d7fde6e.wav,false activation
noise-a48fc6c2-0ce7-4ca4-8120-41e5f625728f.wav,false activation
noise-a49184b9-5064-40e8-8647-534f66eaa489.wav,false activation
noise-a4c0a25c-0765-484e-961c-8eb2a991d966.wav,false activation
noise-a4ec3a8b-b9e0-4dd2-a5cd-b784855b1353.wav,false activation
noise-a5630b46-b47e-4345-bc0e-c898388f36db.wav,false activation
noise-a6363cdb-c367-4f5f-9a4d-8976ee99e561.wav,false activation
noise-a69d2a3a-fbbb-4e0d-8e9a-6b9682033747.wav,false activation
noise-a6e25753-26a7-47fd-84c6-f0a869ab2591.wav,false activation
noise-a7519c5e-eb9e-4086-8afe-eef2577477f1.wav,false activation
noise-a7532f52-e2a9-49c3-a3ca-dcfb190764c3.wav,false activation
noise-a7674148-4110-46da-acfc-6b7dde84aebb.wav,false activation
noise-a76cc397-9ff7-41d3-a73b-dffadef499ad.wav,false activation
noise-a7ca29d6-f2cb-4684-8f90-d7bef9a95e68.wav,false activation
noise-a7f54f31-8919-413e-953a-67d8e47480fa.wav,false activation
noise-a8d22bea-fcc1-4777-924f-47128f528cc4.wav,false activation
noise-a934fe31-a5b8-4c28-b63b-18471c91fc38.wav,false activation
noise-a9502447-ba2c-40e1-bcc8-150a2262319a.wav,false activation
noise-a9a69c43-f290-4511-bd5f-453c40a20726.wav,false activation
noise-a9c154ff-23f9-4b97-aff8-aa21acdfe9e1.wav,false activation
noise-a9cd1423-dabe-43d8-9ab4-e3abe4984945.wav,false activation
noise-aad3d57c-5fbb-477f-b613-4fc3f52ef842.wav,false activation
noise-ab35ebfc-24ba-4982-b73f-027e23fda10b.wav,false activation
noise-ab4a2353-9910-4c66-b8c5-049a7a3c4bc0.wav,false activation
noise-ab78b9eb-68b4-484b-875a-a138222bf1a6.wav,false activation
noise-aba12f44-5af8-4b0a-bfd5-a25e29f20fa8.wav,false activation
noise-ace7f45c-b4c9-4701-9826-4394fc9d66e1.wav,false activation
noise-ad522b44-7ec5-488a-8cbe-343e055a597a.wav,false activation
noise-ad89f229-f0a2-4e57-97f4-46779e323623.wav,false activation
noise-adc97118-602e-4069-a297-f28c3066374b.wav,false activation
noise-ae044e08-9ea1-4ff1-9db0-2d773d803914.wav,false activation
noise-ae47556c-7dbc-4527-86bf-76785800f179.wav,false activation
noise-ae5e2f32-7c45-45a2-8cad-ebdf4b74abbd.wav,false activation
noise-afb9c8aa-af39-4b49-88a5-f6d33c93b959.wav,false activation
noise-afd8cd75-4f41-4e8a-875b-e06861758b81.wav,false activation
noise-afeac854-7764-44b6-b5f4-2b186524d82c.wav,false activation
noise-aff27cdd-497e-499e-90c1-dbd3207fc710.wav,false activation
noise-b036a3d7-81ef-45c7-9159-f96cb736d1c4.wav,false activation
noise-b08bba8b-251b-4631-981c-8a2d3304f388.wav,false activation
noise-b0dc98f3-ae40-44ec-ac9a-4a9b9473a803.wav,false activation
noise-b1238739-88ee-4dd2-9c1b-1300923a2476.wav,false activation
noise-b1bdcbf5-e7eb-45a1-92f9-572d39d6acd0.wav,false activation
noise-b2556914-f0fe-4278-a0cc-19e046e67ba3.wav,false activation
noise-b3222e1c-5d2f-4317-be0f-e6aa54a0caaf.wav,false activation
noise-b359a2ef-ce74-4635-894b-befca90d9f9f.wav,false activation
noise-b37112c0-fd74-452d-8ce3-ccedaad6081f.wav,false activation
noise-b3a9ec17-3aa1-4b2a-b81c-5d1885594135.wav,false activation
noise-b3f10d45-cc46-49e6-b78b-f3eb96d62035.wav,false activation
noise-b3fe3801-afff-440a-9596-18801a9d09da.wav,false activation
noise-b441c0ea-258a-4f9f-8745-d77dc9d64551.wav,false activation
noise-b50bc715-80c9-4d8c-a328-0940fd3e5544.wav,false activation
noise-b5242790-07a6-40db-8638-795ef2546951.wav,false activation
noise-b5350537-5f04-45b4-8e36-8ab1776088e7.wav,false activation
noise-b5edabc9-d853-46ed-8991-9e00616e06d3.wav,false activation
noise-b5fbffab-c5f9-4133-ad78-ba8994a10d84.wav,false activation
noise-b603525c-f5e2-43ea-8e6a-ec79dd948f5f.wav,false activation
noise-b6a6eb18-95e9-4d59-95e0-e17cc10062f0.wav,false activation
noise-b74a6f38-6334-47b0-8336-51dc49018cc2.wav,false activation
noise-b7d1351a-40ff-4a41-9404-553a7f67b0a8.wav,false activation
noise-b80ddd9d-3b21-44a8-9647-882de1c41fba.wav,false activation
noise-b8fdd3aa-a15d-40e8-8b83-08abed781063.wav,false activation
noise-ba1930e0-5c5d-491b-8c9b-e117b1a59271.wav,false activation
noise-ba83f0eb-aa39-4cb0-a3d5-5f4b3b1b53d5.wav,false activation
noise-bab9465d-8bc2-4728-bfa8-737595e8a981.wav,false activation
noise-bb45b100-c5c7-4d58-95ef-5b29bd022ae8.wav,false activation
noise-bbcdbcb0-7af6-4a8e-9d33-2f8146e313d4.wav,false activation
noise-bc67c082-cdf6-4f30-bff1-ec06ad2ce04a.wav,false activation
noise-bc889b60-d38f-437c-a5a6-cf17807de9ff.wav,false activation
noise-bcc1143e-be40-4f31-ab07-611144ff0874.wav,false activation
noise-bd06a9ae-5533-4821-b260-c4a8183abb69.wav,false activation
noise-bd570c47-9188-4ddc-9390-76cbbdbb94ad.wav,false activation
noise-bd5b49e6-cbe4-4cd6-a2ce-15088df5fac0.wav,false activation
noise-bd97c7ea-5481-4350-9502-3472f5262d63.wav,false activation
noise-bdb7ef2b-0180-4289-8702-0dc6c1cacfd1.wav,false activation
noise-bde16618-2742-408a-b1a6-ac23f902e1dd.wav,false activation
noise-be4cbfc3-732d-463e-b3c9-cfcfd6302bf1.wav,false activation
noise-be839cd0-fd00-43aa-9347-b08be742073d.wav,false activation
noise-c0117543-607a-42e7-aa86-006610914d6a.wav,false activation
noise-c043202f-b7a6-48f3-aaa2-2d14238f6513.wav,false activation
noise-c067ef1f-0954-4c96-ae5c-5653f78d9525.wav,false activation
noise-c0ce2456-4c33-4cb4-afe3-a070f75c18d5.wav,false activation
noise-c1151da8-50f4-4852-9eb4-8b3a117917ca.wav,false activation
noise-c124cce8-ceb7-449b-b5c6-55107204e0d5.wav,false activation
noise-c25f009b-627f-46ec-aa48-02ac62418d05.wav,false activation
noise-c2865513-6f9d-4de7-a351-485ad175f135.wav,false activation
noise-c288c447-d0c2-4d78-8bb2-92559c8405da.wav,false activation
noise-c2d38b8f-883a-471d-b4ec-085b01d4961b.wav,false activation
noise-c34fee0d-8b30-4c2c-8693-6067308aa354.wav,false activation
noise-c3623687-8a03-4672-99f8-a3539648ab2e.wav,false activation
noise-c3b2674e-d631-4ef1-b38b-6e30e85c338a.wav,false activation
noise-c437a9e1-c37a-4d81-94b6-24989aa5c32c.wav,false activation
noise-c4f50577-3b55-4827-ab80-951c67883eb5.wav,false activation
noise-c54e22ac-6c19-4f06-9363-4a675ef14dea.wav,false activation
noise-c5e48928-8fae-4d5f-a5e0-d10ed40cae80.wav,false activation
noise-c5ef6761-a107-4fa4-b3ab-1cc3bb9827bd.wav,false activation
noise-c5fb84fc-de56-48c5-a2b1-15b2721d1ba0.wav,false activation
noise-c6193128-a5e4-439f-8a2a-31b934026d11.wav,false activation
noise-c68add38-cb4c-4c19-83f7-a72ba4809a8c.wav,false activation
noise-c700967c-4d78-4c76-962a-d58f59020b31.wav,false activation
noise-c73028bc-7b79-4534-8493-6213097a1a8a.wav,false activation
noise-c73cad45-f0e0-4953-b303-7099ae94bd73.wav,false activation
noise-c73fbca6-d7bb-4474-8e3c-19eb6db07de8.wav,false activation
noise-c79e8f2a-7e91-4424-9b5f-3eec6f1364f6.wav,false activation
noise-c95561ca-556c-41d4-9364-14327b309944.wav,false activation
noise-ca010317-4750-457a-b3f0-fdf4cf23723c.wav,false activation
noise-cb2b2660-9797-44e2-ae4f-84675c29e077.wav,false activation
noise-cb3b49b2-0109-480e-8adb-f8e56c824e3e.wav,false activation
noise-cb4ab7a9-c529-4824-bfe3-dd82238010ae.wav,false activation
noise-cbe515fc-e339-463c-bd57-66c5e83eade6.wav,false activation
noise-cbf3c628-b497-4a3f-bed8-8e2985dc8218.wav,false activation
noise-cbf802c8-3ac6-46a2-a450-55c2ca6bc55d.wav,false activation
noise-cc763d61-566d-475a-bd78-e6ce8816a568.wav,false activation
noise-ccae1c40-cba4-4b7c-8f19-ed01b1db1d66.wav,false activation
noise-ccd1b5dd-1ade-453f-821c-09bab7f5e783.wav,false activation
noise-ccdb9845-f0f4-4c09-9225-babf9819dec6.wav,false activation
noise-cce407af-ec24-488d-b21a-d5c7bb5d2829.wav,false activation
noise-cd047c32-7fbf-4927-8686-5dfa5027ccab.wav,false activation
noise-cd784466-2791-4e13-9f66-7af0e741b903.wav,false activation
noise-cd91c167-7ac2-413d-95e7-d0a7fcd0b402.wav,false activation
noise-cdc0c351-9c48-4cb0-bebf-7d1aa7e21c13.wav,false activation
noise-ce08cf06-6108-45f4-9087-145234e85e0f.wav,false activation
noise-ce19ed31-0c62-460d-86e6-38766382fa2d.wav,false activation
noise-ce3c7ea3-25c9-4edc-9e5f-8c09c23be0d1.wav,false activation
noise-cf014386-bd98-4c8c-8033-317ce21533e9.wav,false activation
noise-cfb005dd-884e-4ba8-b773-ebbd0057109e.wav,false activation
noise-cfcd4c72-1d14-4604-a367-7a5c316feaae.wav,false activation
noise-d02a2029-9b13-476e-9e59-e90cc4e45652.wav,false activation
noise-d046cb2c-0e5b-4a88-98aa-9ded2989f0e2.wav,false activation
noise-d08ca3bd-e2e2-4084-97e8-f74c7a22ef07.wav,false activation
noise-d10c2ce0-1303-4e7f-8dde-edf4d998341e.wav,false activation
noise-d16f3c9d-aa54-47aa-b8b8-dd87df677356.wav,false activation
noise-d1b0a278-3057-4667-8aa2-af96c087778a.wav,false activation
noise-d1e1a40c-cd6c-4c2f-a801-9a8bb1fbd076.wav,false activation
noise-d2302be8-02d9-40d5-9517-b5f2328522bc.wav,false activation
noise-d264df2a-32b0-4fd2-a3f9-c6cfc96cb5fd.wav,false activation
noise-d3869856-66c0-4c62-88c2-4876f7780dfd.wav,false activation
noise-d3b05fa9-8357-4ffd-8c2f-c8f127d49514.wav,false activation
noise-d3f01b27-118b-4271-9138-ad4e097638a0.wav,false activation
noise-d4162244-7123-49c0-beb3-0955f9bbc561.wav,false activation
noise-d424d2e2-90d8-46f8-88d4-07bcdeb9c1f8.wav,false activation
noise-d459480a-9fc8-43d5-a4cf-fafe43550db4.wav,false activation
noise-d4738697-baef-46a1-b56a-990c4ce6bd35.wav,false activation
noise-d48291b6-7afc-48ec-943d-3b935a0c5c93.wav,false activation
noise-d520672e-06c1-4005-aa4e-02fadc5f1346.wav,false activation
noise-d57625e4-9fa2-4c0d-8b73-658c9734af38.wav,false activation
noise-d5b31b7b-10b2-4b2b-98c8-8b867dcc5424.wav,false activation
noise-d6009420-39b2-4b15-8e9d-7a269eade2dc.wav,false activation
noise-d61f6861-cd93-4775-afef-e40ea1cdb3a1.wav,false activation
noise-d6dce5eb-a46d-48e4-9804-40f244b35eeb.wav,false activation
noise-d73f00f8-a189-4635-a6ab-227d0c1a129e.wav,false activation
noise-d7a467cc-7d33-4178-b429-d2aadca9426d.wav,false activation
noise-d8778a90-dc9b-4ac6-a82d-6f7b7d5c62e9.wav,false activation
noise-d88b170a-c653-4359-8091-6cd5f3bf3322.wav,false activation
noise-d8951dae-50a9-4aef-a072-45e2a693f5fd.wav,false activation
noise-da2d4d03-392d-4cbf-aefd-e487898184bd.wav,false activation
noise-da6d46a5-989a-4be2-b384-781dae969b8a.wav,false activation
noise-da7439c2-05de-4d79-afa5-23e0153dc954.wav,false activation
noise-dafd0936-26f2-4e98-8114-8383d6e631a8.wav,false activation
noise-db4423af-0594-4b09-a716-93e1c8dfb929.wav,false activation
noise-dc345674-0fed-4bc1-bc20-46916ff454d4.wav,false activation
noise-dc9b10ae-4ddc-482d-8ee6-fdd8e2103775.wav,false activation
noise-dc9f57eb-53d5-454f-b06b-e50235ef92fd.wav,false activation
noise-dcc38a93-e16a-4618-b6dd-516caffb53c3.wav,false activation
noise-dcf8a19a-11d2-4bb2-acbf-049acea7dfc0.wav,false activation
noise-dd46ad2e-e5ad-48a4-80a5-bee592b98b88.wav,false activation
noise-dd47ce74-cdef-4dd5-ac7d-5761f6f34a16.wav,false activation
noise-dd4f80aa-7d9b-4dee-9189-a999b83b1db0.wav,false activation
noise-de8e060b-6c88-42a1-89a0-0eca471a4009.wav,false activation
noise-deabb3d5-3a18-403a-99f2-24a2932052fe.wav,false activation
noise-df7b0f95-5e14-42e4-90a4-85c1bbcfb74f.wav,false activation
noise-dfb3d04e-7c13-471d-bda8-f161c693c231.wav,false activation
noise-dfd3947f-ee9b-4f75-8794-b0cfd75d406f.wav,false activation
noise-dfdbd133-23fa-447e-b2e9-02469dd25758.wav,false activation
noise-e0d86244-32f2-42b2-9fce-92e8b4a6fe1b.wav,false activation
noise-e0df7646-6c6a-437f-9cd2-2abcbf79a0d7.wav,false activation
noise-e1b94708-fe6f-4c80-b4f2-4ffa783361b3.wav,false activation
noise-e2bcb175-b0ca-4d15-b8eb-5c300c3c860c.wav,false activation
noise-e33c7cbe-f5b3-4a17-a0ef-c276d4af6c12.wav,false activation
noise-e35007d6-95a6-475e-b55c-076832e2d426.wav,false activation
noise-e40ac30d-8b5a-4e73-816c-9962c2ff2f3c.wav,false activation
noise-e4a456cb-3353-45ff-a0fe-73cf81fd6e42.wav,false activation
noise-e4bff734-a566-4779-a0d6-b5546b13e398.wav,false activation
noise-e532da09-f02d-4e9f-9e6f-5f2e7d60c294.wav,false activation
noise-e55355f3-e144-48dd-967d-472c897a6df3.wav,false activation
noise-e57ac25d-8f98-48b3-b9dd-726d9b4d7303.wav,false activation
noise-e5d16142-ef4a-462c-acbb-9366d07b09aa.wav,false activation
noise-e753c4cd-af0f-4915-b9cf-5c1ce4acd643.wav,false activation
noise-e754f8c3-c83c-4010-ab3e-baf85cca09f2.wav,false activation
noise-e756fe6f-e47b-4e0f-832c-f6811953eebe.wav,false activation
noise-e79f421c-789a-4f7a-8bfd-aeb24035170f.wav,false activation
noise-e7c7dcb2-9164-4dec-8f4f-23daad6f6f71.wav,false activation
noise-e7cc4390-206e-4ea6-8227-d4a866728d91.wav,false activation
noise-e80599b6-1a96-4382-8967-0858a071484d.wav,false activation
noise-e80c14f8-aeea-411a-aef4-c87e20e01065.wav,false activation
noise-e8853e6d-5c08-4678-a9b8-d59623e0aa4c.wav,false activation
noise-ea11549f-8311-4a3c-b556-0cc7a63b6eb5.wav,false activation
noise-ea5649b4-6048-41ce-863d-94dd1ffc3bf9.wav,false activation
noise-ea7a32f2-13df-44e1-b1ea-7c12be4c7565.wav,false activation
noise-ea973a20-80c1-4110-acbd-029ab17677a3.wav,false activation
noise-ea9cc71a-c97b-4ad6-bee0-3fc946c0babc.wav,false activation
noise-eabc28dd-1740-4a7f-ab7a-020833caf7ba.wav,false activation
noise-eae19081-6efa-417d-bf13-7df4437e273b.wav,false activation
noise-eb584ccc-912f-4558-9bfb-74d9ba020b47.wav,false activation
noise-ebcf45b0-f4ad-4783-8816-ebfc5c475ce4.wav,false activation
noise-ec08da2f-9df9-4c44-99a3-5343568032d6.wav,false activation
noise-ec173bad-ab80-4a2d-b1bf-ba21e6942ba8.wav,false activation
noise-ec3b7ddd-5c92-40fc-bd2e-dd46de77f6f6.wav,false activation
noise-ec8e7ca4-6c12-4e56-87e6-75ae351911e7.wav,false activation
noise-eceb3ceb-5ee2-4631-8dc3-8cc6257318dd.wav,false activation
noise-ed64e84a-6e3e-42dc-b262-9c273a8f703e.wav,false activation
noise-ed9b70be-d539-437c-8075-45f3443390e2.wav,false activation
noise-edb12724-ae93-4b1a-9389-100ca22af36e.wav,false activation
noise-eebd88b6-a2ea-4a55-8edf-907538324900.wav,false activation
noise-eed43126-c183-4634-b0c6-1e1e187bf7be.wav,false activation
noise-eeeae5f9-508f-4a93-8509-0ff2f887604f.wav,false activation
noise-eff8efee-86f2-4978-853b-66bed00d6520.wav,false activation
noise-f077db81-9b48-4648-bf73-b3a460dfda2b.wav,false activation
noise-f0da7960-7439-4823-b2f0-f4993399526b.wav,false activation
noise-f1a679ec-f2c3-4cf7-8981-117e3ccc1e66.wav,false activation
noise-f1bac41d-34d9-40fa-84fb-5e48b8fe92ca.wav,false activation
noise-f2a4b02a-f7a5-4e7a-9ce0-8e565428bdae.wav,false activation
noise-f2fe901f-da71-47eb-9a9c-2c9aefa015d4.wav,false activation
noise-f32b3b6a-274f-4624-9f8e-acf5a196a853.wav,false activation
noise-f3381f50-cf97-4f3a-a48a-cbfb70252500.wav,false activation
noise-f3888320-eb2b-4167-8d7a-5dd9fddc0362.wav,false activation
noise-f3a42b37-979b-4fae-be82-5cd02ba2d980.wav,false activation
noise-f3bd61dc-1463-49f9-abbe-7c70c1504266.wav,false activation
noise-f413701c-47f9-4f64-bae2-9aa90c1faa26.wav,false activation
noise-f4568ab9-1b6b-4cb8-a822-5a9b8bebbf69.wav,false activation
noise-f47999fa-2f92-4eef-9ec6-479c82c2620b.wav,false activation
noise-f4c5aa9c-ecd4-44fc-9671-65654c3544ea.wav,false activation
noise-f4c7da70-a323-4596-94e7-8c665d21dbd6.wav,false activation
noise-f4fd4d84-305d-49fe-97f2-1401957eb85e.wav,false activation
noise-f5831043-177f-400a-b912-e49edd692556.wav,false activation
noise-f5d73554-b7fd-4261-830e-a25771737c2d.wav,false activation
noise-f6b8d1b8-ece8-4009-a0da-5c2f52215501.wav,false activation
noise-f80c965b-c130-4f33-822e-de9e20e35da9.wav,false activation
noise-f83259be-be3f-4db0-b50a-e6bda5de0c26.wav,false activation
noise-f88e66af-f7fd-4963-9b4b-7d8ba7215111.wav,false activation
noise-f8f6d83e-4519-40d0-b03e-763e5589dae5.wav,false activation
noise-fa796b4c-228b-4919-9926-c57aa4a4c975.wav,false activation
noise-fa809c9a-bcd7-43a8-a744-eb09e1a4eea6.wav,false activation
noise-fb680404-7f45-436e-a4c9-e9f8e555dc88.wav,false activation
noise-fb7b51f4-02d0-4f39-9913-3b11f86b312d.wav,false activation
noise-fd000c5d-9a98-4b2f-80f7-1b4cb578d594.wav,false activation
noise-fe01dc4d-4e83-4022-b2c7-1ea2281ac8f0.wav,false activation
noise-fe268584-11a4-4b4a-9fb7-ccd02e79aa9e.wav,false activation
noise-fed1c3d6-dce0-4e31-9c24-365251fd10c5.wav,false activation
noise-ff6c58a0-1b4f-4e6c-b521-71409823183d.wav,false activation
noise-ff6d5ea0-b92b-4d67-b7d2-0cb68b4f228a.wav,false activation
